phenotype_id	num_var	beta_shape1	beta_shape2	true_df	pval_true_df	variant_id	tss_distance	ma_samples	ma_count	af	pval_nominal	slope	slope_se	pval_perm	pval_beta
18:8720496:8762078:clu_2297_+	5732	1.00913	375.27	121.692	0.00103563	chr18:8249571:G:A	-470926	23	25	0.0686813	0.000175583	0.701378	0.182525	0.319468	0.317868
18:8720496:8777833:clu_2297_+	5732	0.952776	227.992	104.933	0.00523505	chr18:9438852:A:G	718355	41	50	0.137363	0.000582051	-0.52401	0.149268	0.712029	0.716033
18:8777892:8779033:clu_2298_+	5846	0.966083	370.936	119.853	0.00178703	chr18:9694870:A:G	916977	41	45	0.876374	0.000318862	-0.583496	0.158557	0.494251	0.501578
18:8777892:8779036:clu_2298_+	5846	0.968383	262.599	108.026	0.000661978	chr18:9403021:C:T	625128	19	20	0.0549451	3.56775e-05	0.939169	0.220752	0.173483	0.171136
18:8777892:8783530:clu_2298_+	5846	1.02624	652.082	137.57	0.00415359	chr18:9403021:C:T	625128	19	20	0.0549451	0.00205491	-0.728979	0.232615	0.927407	0.930464
18:8779110:8783530:clu_2298_+	5851	1.00004	470.329	127.691	0.00182085	chr18:9042041:G:A	262930	128	160	0.43956	0.000500206	-0.43423	0.122188	0.576142	0.575627
18:8786091:8796232:clu_2299_+	5866	0.941781	191.515	96.3674	0.00430712	chr18:9094217:A:T	308125	21	21	0.0576923	0.000241945	-0.920954	0.245202	0.582542	0.589739
18:8793120:8796232:clu_2299_+	5876	0.930933	230.476	104.442	0.00235914	chr18:9094217:A:T	301096	21	21	0.0576923	0.000173343	0.863968	0.224636	0.445055	0.454529
18:8807060:8809448:clu_2300_+	5910	0.992703	495.443	128.002	2.6553e-08	chr18:8809447:G:C	2386	109	138	0.379121	5.56895e-10	-0.687846	0.104087	9.999e-05	1.43234e-05
18:8807060:8812979:clu_2300_+	5910	1.05397	656.68	137.331	4.20081e-20	chr18:8807351:G:A	290	105	136	0.373626	4.93055e-23	1.03048	0.0885484	9.999e-05	3.44143e-18
18:8809561:8809971:clu_2300_+	5918	0.957514	328.303	115.339	0.00335184	chr18:7859503:A:G	-950059	51	55	0.848901	0.000568364	-0.449348	0.127752	0.683832	0.685236
18:8809561:8812979:clu_2300_+	5918	1.00295	465.865	126.37	5.63132e-07	chr18:8807351:G:A	-2211	105	136	0.373626	1.97017e-08	-0.628983	0.10634	0.00029997	0.000255688
18:8810198:8812979:clu_2300_+	5918	0.936326	215.691	101.577	0.00148099	chr18:8802957:G:A	-7242	107	134	0.631868	6.88974e-05	0.356597	0.0872309	0.29957	0.303429
18:8811256:8812979:clu_2300_+	5919	1.00742	377.328	119.716	0.0103487	chr18:7946336:G:A	-864921	62	72	0.197802	0.00311305	0.319916	0.106558	0.981002	0.979945
18:8813233:8818963:clu_2301_+	5922	1.01117	513.093	129.437	0.000181281	chr18:9742227:C:T	928993	19	19	0.0521978	3.31301e-05	-1.09731	0.256809	0.0887911	0.0860681
18:8813233:8819047:clu_2301_+	5922	1.01036	522.509	129.716	3.19525e-05	chr18:9742227:C:T	928993	19	19	0.0521978	4.09908e-06	1.20467	0.252433	0.0129987	0.0157995
18:8821498:8822476:clu_2302_+	5937	0.980575	480.414	126.891	0.00224292	chr18:8861619:T:C	40120	66	78	0.214286	0.000621036	0.452285	0.129524	0.669433	0.668021
18:8821498:8824699:clu_2302_+	5937	0.995617	452.122	124.478	0.00178467	chr18:8257782:A:G	-563717	25	26	0.0714286	0.000412204	-0.714586	0.198032	0.554845	0.55613
18:8822627:8824699:clu_2302_+	5938	0.922392	164.227	90.878	0.0163837	chr18:9625337:C:T	802709	123	152	0.582418	0.0014799	0.360182	0.11134	0.946205	0.942823
18:8824358:8824699:clu_2302_+	5937	0.951829	289.714	109.96	0.000826525	chr18:9554214:A:G	729855	69	78	0.785714	5.73078e-05	-0.471355	0.113991	0.228177	0.233402
