phenotype_id	variant_id	tss_distance	maf	ma_samples	ma_count	pval_nominal	slope	slope_se
18:8720496:8762078:clu_2297_+	chr18:7721735:A:T	-998762	0.5714286	115	156	0.283261002762479	-0.108888164	0.10113471
18:8720496:8762078:clu_2297_+	chr18:7722013:T:C	-998484	0.5714286	115	156	0.283261002762479	-0.108888164	0.10113471
18:8720496:8762078:clu_2297_+	chr18:7722354:T:A	-998143	0.5631868	117	159	0.399535251647213	-0.08430892	0.099806696
18:8720496:8762078:clu_2297_+	chr18:7722656:TTTTTA:T	-997841	0.5714286	115	156	0.283261002762479	-0.108888164	0.10113471
18:8720496:8762078:clu_2297_+	chr18:7722664:T:C	-997833	0.5714286	115	156	0.283261002762479	-0.108888164	0.10113471
18:8720496:8762078:clu_2297_+	chr18:7722834:C:T	-997663	0.06868132	23	25	0.311882884211101	0.25365356	0.2500268
18:8720496:8762078:clu_2297_+	chr18:7723206:A:ATTC	-997291	0.5824176	111	152	0.348904450215667	-0.09632034	0.10252411
18:8720496:8762078:clu_2297_+	chr18:7723488:C:T	-997009	0.46703297	126	170	0.0840043204189416	-0.16378948	0.094196476
18:8720496:8762078:clu_2297_+	chr18:7724822:G:T	-995675	0.5714286	115	156	0.283261002762479	-0.108888164	0.10113471
18:8720496:8762078:clu_2297_+	chr18:7725036:T:C	-995461	0.07692308	25	28	0.164679062545229	0.31117573	0.22291504
18:8720496:8762078:clu_2297_+	chr18:7725368:A:G	-995129	0.35439563	101	129	0.937924218956003	0.007808146	0.10010136
18:8720496:8762078:clu_2297_+	chr18:7725563:T:G	-994934	0.07417583	25	27	0.0904236093676919	0.40238118	0.23620507
18:8720496:8762078:clu_2297_+	chr18:7725808:T:C	-994689	0.57417583	114	155	0.262918430561125	-0.11419809	0.10164489
18:8720496:8762078:clu_2297_+	chr18:7726327:C:T	-994170	0.35439563	101	129	0.937924218956003	0.007808146	0.10010136
18:8720496:8762078:clu_2297_+	chr18:7726527:T:G	-993970	0.57417583	114	155	0.262918430561125	-0.11419809	0.10164489
18:8720496:8762078:clu_2297_+	chr18:7726880:G:A	-993617	0.57417583	114	155	0.262918430561125	-0.11419809	0.10164489
18:8720496:8762078:clu_2297_+	chr18:7727075:G:A	-993422	0.35439563	101	129	0.937924218956003	0.007808146	0.10010136
18:8720496:8762078:clu_2297_+	chr18:7727102:C:T	-993395	0.07417583	25	27	0.0904236093676919	0.40238118	0.23620507
18:8720496:8762078:clu_2297_+	chr18:7727660:A:G	-992837	0.07692308	25	28	0.164679120075344	0.3111757	0.22291505
18:8720496:8762078:clu_2297_+	chr18:7727754:C:T	-992743	0.07417583	25	27	0.0904236093676919	0.40238118	0.23620507
18:8720496:8762078:clu_2297_+	chr18:7728455:T:TC	-992042	0.07692308	25	28	0.164679120075344	0.3111757	0.22291505
18:8720496:8762078:clu_2297_+	chr18:7728678:T:C	-991819	0.35439563	101	129	0.937924218956003	0.007808146	0.10010136
18:8720496:8762078:clu_2297_+	chr18:7729520:A:G	-990977	0.57417583	114	155	0.262918430561125	-0.11419809	0.10164489
18:8720496:8762078:clu_2297_+	chr18:7729528:G:GA	-990969	0.07692308	26	28	0.120556596827647	0.37177622	0.2381943
18:8720496:8762078:clu_2297_+	chr18:7730159:T:C	-990338	0.07692308	25	28	0.164679120075344	0.3111757	0.22291505
18:8720496:8762078:clu_2297_+	chr18:7730388:A:G	-990109	0.07692308	25	28	0.164679062545229	0.31117573	0.22291504
18:8720496:8762078:clu_2297_+	chr18:7731406:G:T	-989091	0.35439563	101	129	0.937924218956003	0.007808146	0.10010136
18:8720496:8762078:clu_2297_+	chr18:7732143:A:C	-988354	0.35439563	101	129	0.937924218956003	0.007808146	0.10010136
18:8720496:8762078:clu_2297_+	chr18:7732190:T:C	-988307	0.06318682	20	23	0.711206062810426	0.08005916	0.21585135
18:8720496:8762078:clu_2297_+	chr18:7732919:C:T	-987578	0.07417583	25	27	0.0962524409480084	-0.29892546	0.17865397
18:8720496:8762078:clu_2297_+	chr18:7733226:C:T	-987271	0.06043956	20	22	0.547123946833812	0.13899307	0.23036218
18:8720496:8762078:clu_2297_+	chr18:7733236:T:C	-987261	0.35439563	101	129	0.937924218956003	0.007808146	0.10010136
18:8720496:8762078:clu_2297_+	chr18:7733322:A:G	-987175	0.06043956	20	22	0.547123946833812	0.13899307	0.23036218
18:8720496:8762078:clu_2297_+	chr18:7733345:T:G	-987152	0.06043956	20	22	0.547123946833812	0.13899307	0.23036218
18:8720496:8762078:clu_2297_+	chr18:7733485:A:T	-987012	0.06043956	20	22	0.547123946833812	0.13899307	0.23036218
18:8720496:8762078:clu_2297_+	chr18:7733794:A:G	-986703	0.06043956	20	22	0.547123946833812	0.13899307	0.23036218
18:8720496:8762078:clu_2297_+	chr18:7733991:G:C	-986506	0.06043956	20	22	0.547123946833812	0.13899307	0.23036218
18:8720496:8762078:clu_2297_+	chr18:7734018:G:A	-986479	0.54395604	123	166	0.238110783226549	-0.116528526	0.09840477
18:8720496:8762078:clu_2297_+	chr18:7734047:T:C	-986450	0.06043956	20	22	0.547123946833812	0.13899307	0.23036218
18:8720496:8762078:clu_2297_+	chr18:7734380:T:C	-986117	0.06043956	20	22	0.547123946833812	0.13899307	0.23036218
18:8720496:8762078:clu_2297_+	chr18:7734758:G:A	-985739	0.06318682	20	23	0.711206062810426	0.08005916	0.21585135
18:8720496:8762078:clu_2297_+	chr18:7734919:C:T	-985578	0.56868136	115	157	0.384893520029859	-0.08764923	0.10059369
18:8720496:8762078:clu_2297_+	chr18:7734996:T:C	-985501	0.35439563	101	129	0.937924218956003	0.007808146	0.10010136
18:8720496:8762078:clu_2297_+	chr18:7735285:T:C	-985212	0.06318682	20	23	0.711206115257769	0.08005915	0.21585135
18:8720496:8762078:clu_2297_+	chr18:7735333:C:T	-985164	0.06318682	20	23	0.711206062810426	0.08005916	0.21585135
18:8720496:8762078:clu_2297_+	chr18:7735456:CA:C	-985041	0.06318682	20	23	0.711206115257769	0.08005915	0.21585135
18:8720496:8762078:clu_2297_+	chr18:7735470:C:G	-985027	0.06318682	20	23	0.711206062810426	0.08005916	0.21585135
18:8720496:8762078:clu_2297_+	chr18:7735574:TAAATATACCTAAA:T	-984923	0.06318682	20	23	0.711206115257769	0.08005915	0.21585135
18:8720496:8762078:clu_2297_+	chr18:7735779:T:G	-984718	0.06593407	20	24	0.530008071483333	0.12952001	0.2057921
18:8720496:8762078:clu_2297_+	chr18:7735806:T:C	-984691	0.06593407	20	24	0.530008071483333	0.12952001	0.2057921
18:8720496:8762078:clu_2297_+	chr18:7735889:C:A	-984608	0.06593407	20	24	0.530008071483333	0.12952001	0.2057921
18:8720496:8762078:clu_2297_+	chr18:7736025:A:C	-984472	0.06593407	20	24	0.530008071483333	0.12952001	0.2057921
18:8720496:8762078:clu_2297_+	chr18:7736131:A:G	-984366	0.45054945	121	164	0.665350468880061	-0.040750626	0.09403708
18:8720496:8762078:clu_2297_+	chr18:7736191:C:A	-984306	0.06593407	20	24	0.530008071483333	0.12952001	0.2057921
18:8720496:8762078:clu_2297_+	chr18:7736536:A:G	-983961	0.06593407	20	24	0.530008071483333	0.12952001	0.2057921
18:8720496:8762078:clu_2297_+	chr18:7736606:C:CTA	-983891	0.06593407	20	24	0.530008071483333	0.12952001	0.2057921
18:8720496:8762078:clu_2297_+	chr18:7736955:T:C	-983542	0.06593407	20	24	0.530008071483333	0.12952001	0.2057921
18:8720496:8762078:clu_2297_+	chr18:7737084:G:A	-983413	0.37637365	107	137	0.654806718135257	0.043557152	0.09723896
18:8720496:8762078:clu_2297_+	chr18:7737603:G:A	-982894	0.57417583	113	155	0.432740409843526	-0.080191575	0.10195897
18:8720496:8762078:clu_2297_+	chr18:7738266:A:G	-982231	0.57417583	113	155	0.4327405201997	-0.08019156	0.101958975
18:8720496:8762078:clu_2297_+	chr18:7738327:G:A	-982170	0.06043956	19	22	0.738672966605026	0.07310203	0.21874078
18:8720496:8762078:clu_2297_+	chr18:7738704:G:A	-981793	0.06868132	23	25	0.138994511190137	-0.2726182	0.18333407
18:8720496:8762078:clu_2297_+	chr18:7738805:T:C	-981692	0.04945055	17	18	0.187056453005889	-0.285594	0.21553491
18:8720496:8762078:clu_2297_+	chr18:7739142:GT:G	-981355	0.43406594	118	158	0.468800625015202	-0.07023341	0.09671725
18:8720496:8762078:clu_2297_+	chr18:7739176:G:T	-981321	0.06318682	19	23	0.551182140400075	0.12442208	0.20832081
18:8720496:8762078:clu_2297_+	chr18:7739723:TAGAC:T	-980774	0.052197803	16	19	0.385853664203691	0.23760083	0.27324373
18:8720496:8762078:clu_2297_+	chr18:7740475:A:G	-980022	0.5769231	111	154	0.956364774673663	-0.005333552	0.09732352
18:8720496:8762078:clu_2297_+	chr18:7741582:T:C	-978915	0.5357143	122	169	0.724849470983919	0.03290563	0.09332077
18:8720496:8762078:clu_2297_+	chr18:7742577:T:G	-977920	0.5989011	107	146	0.86504587114893	-0.016749267	0.09839213
18:8720496:8762078:clu_2297_+	chr18:7743142:A:G	-977355	0.5989011	107	146	0.86504587114893	-0.016749267	0.09839213
18:8720496:8762078:clu_2297_+	chr18:7743716:C:T	-976781	0.06318682	21	23	0.188296255409339	-0.31367934	0.23740026
18:8720496:8762078:clu_2297_+	chr18:7743757:C:T	-976740	0.08516484	29	31	0.195745911406674	-0.22716728	0.17484768
18:8720496:8762078:clu_2297_+	chr18:7743991:A:G	-976506	0.6098901	103	142	0.83659213678506	-0.020559592	0.09951743
18:8720496:8762078:clu_2297_+	chr18:7745184:T:G	-975313	0.45054945	121	164	0.298847677651864	0.096966304	0.09302971
18:8720496:8762078:clu_2297_+	chr18:7746243:G:GA	-974254	0.5604396	117	160	0.743930817709258	0.031096233	0.095031165
18:8720496:8762078:clu_2297_+	chr18:7747875:A:G	-972622	0.4065934	109	148	0.50436448923079	0.06477373	0.09679871
18:8720496:8762078:clu_2297_+	chr18:7748981:T:C	-971516	0.44780222	120	163	0.378995957391077	0.08178485	0.0927047
18:8720496:8762078:clu_2297_+	chr18:7750325:C:T	-970172	0.06043956	19	22	0.365448440653346	-0.2091182	0.23040083
18:8720496:8762078:clu_2297_+	chr18:7750537:A:G	-969960	0.46703297	121	170	0.853410633496422	0.017994953	0.09723366
18:8720496:8762078:clu_2297_+	chr18:7750583:C:G	-969914	0.44780222	120	163	0.378996008403389	0.08178484	0.09270469
18:8720496:8762078:clu_2297_+	chr18:7751791:A:G	-968706	0.46703297	121	170	0.853410633496422	0.017994953	0.09723366
18:8720496:8762078:clu_2297_+	chr18:7751850:TTCC:T	-968647	0.06318682	20	23	0.307657477042274	-0.22912024	0.22387408
18:8720496:8762078:clu_2297_+	chr18:7752433:T:G	-968064	0.5302198	124	171	0.851724428671329	0.017587634	0.09393946
18:8720496:8762078:clu_2297_+	chr18:7755228:C:T	-965269	0.115384616	39	42	0.22195173545984	-0.20159966	0.1644156
18:8720496:8762078:clu_2297_+	chr18:7755490:A:G	-965007	0.0989011	29	36	0.805331748278867	0.067790166	0.27460507
18:8720496:8762078:clu_2297_+	chr18:7756891:A:G	-963606	0.07417583	25	27	0.147621083074369	-0.31650168	0.21751633
18:8720496:8762078:clu_2297_+	chr18:7757050:C:T	-963447	0.093406595	31	34	0.973001107504685	0.0054936158	0.16206373
18:8720496:8762078:clu_2297_+	chr18:7757418:A:G	-963079	0.10714286	34	39	0.269741559203017	-0.22945035	0.2071748
18:8720496:8762078:clu_2297_+	chr18:7757456:A:G	-963041	0.06043956	20	22	0.492802481497136	-0.17198218	0.25017512
18:8720496:8762078:clu_2297_+	chr18:7757763:A:G	-962734	0.13186814	37	48	0.343198634506802	-0.19416216	0.20423034
18:8720496:8762078:clu_2297_+	chr18:7758918:C:T	-961579	0.10714286	34	39	0.269741600143442	-0.22945033	0.2071748
18:8720496:8762078:clu_2297_+	chr18:7759383:T:G	-961114	0.104395606	34	38	0.286271934598894	-0.22507942	0.21036819
18:8720496:8762078:clu_2297_+	chr18:7760383:A:AT	-960114	0.06868132	24	25	0.129050177430182	0.29709345	0.19471519
18:8720496:8762078:clu_2297_+	chr18:7760500:C:T	-959997	0.06043956	20	22	0.492802481497136	-0.17198218	0.25017512
18:8720496:8762078:clu_2297_+	chr18:7760684:G:A	-959813	0.12912089	37	47	0.370599039109494	-0.18341243	0.2042693
18:8720496:8762078:clu_2297_+	chr18:7760832:G:A	-959665	0.052197803	17	19	0.584141195383394	-0.11353656	0.20700744
18:8720496:8762078:clu_2297_+	chr18:7761058:A:G	-959439	0.104395606	34	38	0.286271934598894	-0.22507942	0.21036819
18:8720496:8762078:clu_2297_+	chr18:7761974:A:G	-958523	0.12087912	35	44	0.485398071077742	-0.13733645	0.19639662
18:8720496:8762078:clu_2297_+	chr18:7763365:G:A	-957132	0.489011	128	178	0.575785614211032	-0.054084323	0.09645713